id,actual,baseline,CommonAuthorities,Negativity,PersonProperty,DirectAddress,OralCues
0,TC,TR,CO,CO,TR,TR,TR
1,TC,TR,TR,TR,CO,TR,CO
2,CO,CO,CO,CO,CO,CO,CO
3,CO,CO,HI,TR,CO,CO,CO
4,CO,CO,CO,CO,CO,CO,CO
5,CO,CO,HI,TR,CO,CO,CO
6,HI,TR,TR,CO,TR,TR,TR
7,HI,TR,TR,TR,TR,TR,TR
8,TR,CO,CO,CO,TR,TR,TR
9,TR,CO,TR,TR,CO,CO,CO
10,CO,CO,CO,CO,CO,CO,CO
11,CO,CO,HI,TR,CO,CO,CO
12,TC,CO,CO,CO,TC,CO,TC
13,TC,CO,TR,TR,CO,CO,CO
14,CO,CO,CO,CO,TR,CO,TR
15,CO,CO,TR,TR,CO,CO,CO
16,CO,CO,CO,CO,CO,CO,CO
17,CO,CO,CO,CO,CO,CO,CO
18,TR,TR,CO,CO,TR,TR,TR
19,TR,TR,TR,TR,CO,TR,CO
20,TC,CO,CO,CO,TC,CO,TC
21,TC,CO,HI,TR,CO,CO,CO
22,TR,TR,CO,CO,TR,TR,TR
23,TR,TR,TR,TR,CO,TR,CO
24,HI,HI,CO,CO,TR,HI,HI
25,HI,HI,HI,TR,CO,CO,CO
26,CO,CO,CO,CO,TR,CO,TR
27,CO,CO,HI,TR,CO,CO,CO
28,CO,CO,CO,CO,TR,CO,TR
29,CO,CO,HI,TR,CO,CO,CO
30,CO,CO,CO,CO,TC,CO,TR
31,CO,CO,HI,TR,CO,CO,CO
32,TR,TR,CO,CO,TR,TR,TR
33,TR,TR,TR,TR,CO,TR,CO
34,TR,CO,CO,CO,CO,CO,CO
35,TR,CO,TR,TR,CO,CO,CO
36,TR,TR,TR,CO,TR,TR,TR
37,TR,TR,TR,TR,TR,TR,TR
38,TR,TR,TR,TR,TR,TR,TR
39,TR,TR,TR,TR,TR,TR,TR
40,TR,TR,TR,TR,TR,TR,TR
41,TR,TR,TR,TR,TR,TR,TR
42,CO,CO,CO,CO,TR,TR,TR
43,CO,CO,HI,TR,CO,CO,CO
44,CO,CO,CO,CO,CO,CO,CO
45,CO,CO,HI,TR,CO,CO,CO
46,TR,TR,TR,HI,TR,TR,TR
47,TR,TR,TR,TR,TR,TR,TR
48,TR,HI,CO,HI,HI,HI,HI
49,TR,HI,HI,TR,HI,HI,HI
50,TC,TR,CO,CO,TR,TR,TR
51,TC,TR,TR,TR,TR,TR,TR
52,CO,CO,CO,CO,CO,CO,CO
53,CO,CO,HI,TR,CO,CO,CO
54,TC,TR,CO,CO,TR,TR,TR
55,TC,TR,TR,TR,TR,TR,TR
56,TR,TR,CO,CO,TR,TR,TR
57,TR,TR,TR,TR,TR,TR,TR
58,CO,CO,CO,CO,CO,CO,CO
59,CO,CO,CO,CO,CO,CO,CO
60,TR,TR,TR,CO,TR,TR,TR
61,TR,TR,TR,TR,TR,TR,TR
62,CO,CO,CO,CO,CO,CO,CO
63,CO,CO,HI,TR,CO,CO,CO
64,TC,TR,CO,CO,TR,TR,TR
65,TC,TR,HI,TR,CO,TC,CO
66,CO,CO,CO,CO,CO,CO,CO
67,CO,CO,CO,CO,CO,CO,CO
68,CO,TR,CO,CO,TR,TR,TR
69,CO,TR,HI,TR,CO,TC,CO
70,HI,CO,CO,CO,TC,CO,TR
71,HI,CO,HI,TR,CO,CO,CO
72,CO,CO,CO,CO,CO,CO,HI
73,CO,CO,HI,TR,CO,CO,CO
74,HI,CO,CO,CO,TR,CO,TR
75,HI,CO,HI,TR,CO,CO,CO
76,TR,TR,TR,TR,TR,TR,TR
77,TR,TR,TR,TR,TR,TR,TR
78,TR,TR,TR,HI,TR,TR,TR
79,TR,TR,TR,TR,TR,TR,TR
80,TR,TR,TR,TR,TR,TR,TR
81,TR,TR,TR,TR,TR,TR,TR
82,TC,TR,CO,CO,TR,TR,TR
83,TC,TR,TR,TR,TR,TR,TR
84,TC,TR,CO,CO,TR,TR,TR
85,TC,TR,TR,TR,CO,TR,CO
86,TR,TR,CO,CO,TR,TR,TR
87,TR,TR,TR,TR,CO,TR,CO
88,CO,CO,CO,CO,CO,CO,CO
89,CO,CO,CO,CO,CO,CO,CO
90,CO,CO,CO,CO,TC,CO,TC
91,CO,CO,HI,TR,CO,CO,CO
92,CO,HI,CO,CO,HI,HI,HI
93,CO,HI,HI,TR,HI,HI,HI
94,TC,TR,CO,CO,TR,TR,TR
95,TC,TR,TR,TR,TR,TR,TR
96,CO,CO,CO,CO,TC,CO,TC
97,CO,CO,HI,TR,CO,CO,CO
98,CO,CO,CO,CO,CO,CO,TC
99,CO,CO,HI,TR,CO,CO,CO
100,CO,CO,CO,CO,CO,CO,CO
101,CO,CO,HI,TR,CO,CO,CO
102,CO,CO,CO,CO,CO,CO,CO
103,CO,CO,HI,TR,CO,CO,CO
104,CO,CO,CO,CO,TC,CO,TR
105,CO,CO,HI,TR,CO,CO,CO
106,TC,CO,CO,CO,CO,CO,TR
107,TC,CO,HI,TR,CO,CO,CO
108,TC,CO,CO,CO,TR,CO,TR
109,TC,CO,HI,TR,CO,CO,CO
110,HI,HI,CO,CO,TR,HI,HI
111,HI,HI,HI,TR,HI,CO,CO
112,HI,CO,CO,CO,CO,CO,CO
113,HI,CO,HI,TR,CO,CO,CO
114,TC,TR,CO,CO,TR,TR,TR
115,TC,TR,TR,TR,CO,TR,CO
116,TC,TR,CO,CO,TR,TR,TR
117,TC,TR,TR,TR,CO,TR,CO
118,HI,CO,CO,CO,CO,CO,CO
119,HI,CO,HI,TR,CO,CO,CO
120,HI,CO,CO,CO,TR,CO,TR
121,HI,CO,HI,TR,CO,CO,CO
122,CO,CO,CO,CO,CO,CO,CO
123,CO,CO,HI,TR,CO,CO,CO
124,TR,CO,CO,CO,TR,CO,TR
125,TR,CO,HI,TR,CO,CO,CO
126,TC,CO,CO,CO,CO,CO,CO
127,TC,CO,HI,TR,CO,CO,CO
128,CO,CO,CO,CO,CO,CO,CO
129,CO,CO,CO,CO,CO,CO,CO
130,TR,CO,CO,CO,TR,CO,TR
131,TR,CO,HI,TR,CO,CO,CO
132,CO,CO,CO,CO,CO,CO,CO
133,CO,CO,CO,TR,CO,CO,CO
134,CO,TR,CO,CO,TR,TR,TR
135,CO,TR,TR,TR,CO,TR,CO
136,CO,CO,CO,CO,CO,CO,CO
137,CO,CO,CO,CO,CO,CO,CO
138,CO,CO,CO,CO,CO,CO,CO
139,CO,CO,HI,TR,CO,CO,CO
140,HI,HI,CO,CO,TR,HI,HI
141,HI,HI,HI,TR,HI,HI,HI
142,HI,TR,TR,HI,TR,TR,TR
143,HI,TR,HI,TR,HI,TR,TR
144,TR,TR,CO,CO,TR,TR,TR
145,TR,TR,TR,TR,TR,TR,TR
146,TC,TR,TR,CO,TR,TR,TR
147,TC,TR,TR,TR,TR,TR,TR
148,CO,CO,CO,CO,CO,CO,CO
149,CO,CO,CO,CO,CO,CO,CO
150,CO,CO,CO,CO,CO,CO,CO
151,CO,CO,CO,CO,CO,CO,CO
152,CO,CO,CO,CO,CO,CO,CO
153,CO,CO,HI,TR,CO,CO,CO
154,CO,CO,CO,CO,TC,CO,TR
155,CO,CO,HI,TR,CO,CO,CO
156,TR,TR,CO,CO,TR,TR,TR
157,TR,TR,HI,TR,HI,TR,CO
158,CO,CO,CO,CO,CO,CO,CO
159,CO,CO,HI,TR,CO,CO,CO
160,CO,CO,CO,CO,CO,CO,CO
161,CO,CO,CO,CO,CO,CO,CO
162,CO,CO,CO,CO,CO,CO,CO
163,CO,CO,CO,CO,CO,CO,CO
164,TR,TR,CO,CO,TR,TR,TR
165,TR,TR,TR,TR,TR,TR,CO
166,CO,CO,CO,CO,TC,CO,TC
167,CO,CO,HI,TR,CO,CO,CO
168,CO,CO,CO,CO,CO,CO,CO
169,CO,CO,HI,TR,CO,CO,CO
170,TR,TC,CO,CO,TC,TR,TR
171,TR,TC,TR,TR,CO,TC,CO
172,CO,CO,CO,CO,CO,CO,CO
173,CO,CO,HI,TR,CO,CO,CO
174,CO,CO,CO,CO,TC,CO,TR
175,CO,CO,HI,TR,CO,CO,CO
176,CO,TR,TR,CO,TR,TR,TR
177,CO,TR,TR,TR,TR,TR,TR
178,HI,CO,CO,CO,TR,CO,TR
179,HI,CO,HI,TR,CO,CO,CO
180,TR,TR,CO,CO,TR,TR,TR
181,TR,TR,TR,TR,CO,TR,CO
182,TR,CO,CO,CO,TC,CO,TC
183,TR,CO,HI,TR,CO,CO,CO
184,TR,CO,CO,CO,TR,CO,TR
185,TR,CO,TR,TR,CO,CO,CO
186,TR,TR,TR,CO,TR,TR,TR
187,TR,TR,TR,TR,TR,TR,TR
188,TC,CO,CO,CO,TC,CO,TC
189,TC,CO,HI,TR,CO,CO,CO
190,CO,CO,CO,CO,CO,CO,CO
191,CO,CO,HI,TR,CO,CO,CO
192,HI,TR,CO,CO,TR,TR,TR
193,HI,TR,TR,TR,CO,TR,CO
194,TR,CO,CO,CO,TR,TR,TR
195,TR,CO,TR,TR,CO,CO,CO
196,TC,CO,CO,CO,TR,CO,TR
197,TC,CO,HI,TR,CO,CO,CO
198,CO,CO,CO,CO,CO,CO,CO
199,CO,CO,CO,CO,CO,CO,CO
200,TR,TR,CO,CO,TR,TR,TR
201,TR,TR,TR,TR,TR,TR,TR
202,CO,CO,CO,CO,TC,CO,TC
203,CO,CO,HI,TR,CO,CO,CO
204,CO,TR,CO,CO,TR,TR,TR
205,CO,TR,TR,TR,CO,TC,CO
206,CO,CO,CO,CO,TC,CO,TC
207,CO,CO,HI,TR,CO,CO,CO
208,CO,CO,CO,CO,TC,CO,TC
209,CO,CO,TR,TR,CO,CO,CO
210,CO,CO,CO,CO,TC,CO,TC
211,CO,CO,TR,TR,CO,CO,CO
212,TC,TR,CO,CO,TC,TR,TR
213,TC,TR,TR,TR,CO,TC,CO
214,CO,TR,CO,CO,TR,TR,TR
215,CO,TR,TR,TR,CO,TR,CO
216,CO,CO,CO,CO,TC,CO,TC
217,CO,CO,TR,TR,CO,CO,CO
218,CO,CO,CO,CO,TC,CO,TC
219,CO,CO,TR,TR,CO,CO,CO
220,CO,CO,CO,CO,TC,CO,TC
221,CO,CO,TR,TR,CO,CO,CO
222,CO,CO,CO,CO,TR,CO,TR
223,CO,CO,TR,TR,CO,CO,CO
224,CO,TR,CO,CO,TR,TR,TR
225,CO,TR,TR,TR,TR,TR,CO
226,TR,TR,CO,CO,TR,TR,TR
227,TR,TR,TR,TR,TR,TR,TR
228,TR,CO,CO,CO,CO,CO,CO
229,TR,CO,HI,TR,CO,CO,CO
230,TR,TR,TR,HI,TR,TR,TR
231,TR,TR,HI,TR,HI,TR,HI
232,TR,TR,CO,CO,TR,TR,TR
233,TR,TR,HI,TR,HI,TR,CO
234,TR,TR,CO,CO,TR,TR,TR
235,TR,TR,TR,TR,TR,TR,TR
236,TR,CO,CO,CO,TR,HI,TR
237,TR,CO,HI,TR,CO,CO,CO
238,HI,CO,CO,CO,TR,TR,TR
239,HI,CO,HI,TR,CO,CO,CO
240,TR,CO,CO,CO,TR,TR,TR
241,TR,CO,HI,TR,CO,CO,CO
242,CO,CO,CO,CO,CO,CO,CO
243,CO,CO,HI,TR,CO,CO,CO
244,CO,CO,CO,CO,CO,CO,CO
245,CO,CO,HI,TR,CO,CO,CO
246,TC,TR,CO,CO,TR,TR,TR
247,TC,TR,TR,TR,CO,TR,CO
248,TR,TR,TR,TR,TR,TR,TR
249,TR,TR,TR,TR,TR,TR,TR
250,CO,CO,CO,CO,TR,CO,TR
251,CO,CO,TR,TR,CO,CO,CO
252,TR,CO,CO,CO,TR,CO,TR
253,TR,CO,HI,TR,CO,CO,CO
254,TC,TR,CO,CO,TR,TR,TR
255,TC,TR,TR,TR,TR,TR,TR
256,CO,CO,CO,CO,CO,CO,CO
257,CO,CO,HI,TR,CO,CO,CO
258,CO,CO,CO,CO,TR,CO,TR
259,CO,CO,HI,TR,CO,CO,CO
260,TR,TR,TR,HI,TR,TR,TR
261,TR,TR,TR,TR,TR,TR,TR
262,TR,TR,TR,CO,TR,TR,TR
263,TR,TR,TR,TR,TR,TR,TR
264,CO,TR,CO,CO,TR,TR,TR
265,CO,TR,TR,TR,CO,TC,CO
266,TR,TR,CO,CO,TR,TR,TR
267,TR,TR,TR,TR,TR,TR,CO
268,TC,TR,CO,CO,TR,TR,TR
269,TC,TR,HI,TR,CO,TR,CO
270,TC,CO,CO,CO,TC,CO,TC
271,TC,CO,HI,TR,CO,CO,CO
272,CO,CO,CO,CO,TC,CO,TR
273,CO,CO,TR,TR,CO,CO,CO
274,CO,CO,CO,CO,TC,CO,TR
275,CO,CO,TR,TR,CO,CO,CO
276,TC,CO,CO,CO,TC,CO,TC
277,TC,CO,TR,TR,CO,CO,CO
278,CO,CO,CO,CO,TR,TR,TR
279,CO,CO,TR,TR,CO,CO,CO
280,TR,TR,CO,CO,TR,TR,TR
281,TR,TR,TR,TR,TR,TR,TR
282,TR,TR,CO,CO,TR,TR,TR
283,TR,TR,TR,TR,CO,TR,CO
284,TR,TR,CO,CO,TR,TR,TR
285,TR,TR,TR,TR,CO,TR,CO
286,TR,TR,CO,CO,TR,TR,TR
287,TR,TR,TR,TR,CO,TR,CO
288,CO,CO,CO,CO,TC,CO,TC
289,CO,CO,HI,TR,CO,CO,CO
290,TR,TR,TR,TR,TR,TR,TR
291,TR,TR,TR,TR,TR,TR,TR
292,TR,TR,TR,CO,TR,TR,TR
293,TR,TR,TR,TR,TR,TR,TR
294,TR,TR,CO,CO,TR,TR,TR
295,TR,TR,TR,TR,TR,TR,TR
296,CO,CO,CO,CO,CO,CO,CO
297,CO,CO,CO,CO,CO,CO,CO
298,CO,CO,CO,CO,TR,CO,TR
299,CO,CO,TR,TR,CO,CO,CO
300,CO,CO,CO,CO,CO,CO,CO
301,CO,CO,HI,TR,CO,CO,CO
302,CO,CO,CO,CO,TR,CO,TR
303,CO,CO,HI,TR,CO,CO,CO
304,TC,TR,CO,CO,TR,TR,TR
305,TC,TR,HI,TR,CO,CO,CO
306,CO,CO,CO,CO,CO,CO,CO
307,CO,CO,CO,CO,CO,CO,CO
308,CO,CO,CO,CO,CO,CO,CO
309,CO,CO,HI,TR,CO,CO,CO
310,CO,CO,CO,CO,TR,CO,TR
311,CO,CO,HI,TR,CO,CO,CO
312,CO,CO,CO,CO,CO,CO,CO
313,CO,CO,CO,CO,CO,CO,CO
314,CO,CO,CO,CO,CO,CO,CO
315,CO,CO,CO,TR,CO,CO,CO
316,CO,CO,CO,CO,CO,CO,CO
317,CO,CO,CO,TR,CO,CO,CO
318,CO,CO,CO,CO,TC,CO,TC
319,CO,CO,HI,TR,CO,CO,CO
320,CO,CO,CO,CO,TC,CO,TC
321,CO,CO,TC,TR,CO,CO,CO
322,CO,CO,CO,CO,TR,CO,TR
323,CO,CO,HI,TR,CO,CO,CO
324,HI,CO,CO,CO,TR,CO,TR
325,HI,CO,HI,TR,CO,CO,CO
326,CO,CO,CO,CO,CO,CO,CO
327,CO,CO,HI,TR,CO,CO,CO
328,CO,CO,CO,CO,CO,CO,CO
329,CO,CO,HI,TR,CO,CO,CO
330,TR,TR,CO,CO,TR,TR,TR
331,TR,TR,TR,TR,TR,TR,CO
332,CO,CO,CO,CO,CO,CO,CO
333,CO,CO,HI,TR,CO,CO,CO
334,TR,TC,CO,CO,TC,TR,TR
335,TR,TC,HI,TR,CO,TC,CO
336,CO,TR,TR,CO,TR,TR,TR
337,CO,TR,TR,TR,TR,TR,TR
338,TR,TR,TR,CO,TR,TR,TR
339,TR,TR,TR,TR,TR,TR,TR
340,HI,HI,CO,CO,TR,HI,TR
341,HI,HI,HI,TR,CO,CO,CO
342,TR,TR,TR,HI,TR,TR,TR
343,TR,TR,TR,TR,TR,TR,TR
344,HI,CO,CO,CO,TC,CO,HI
345,HI,CO,HI,TR,CO,CO,CO
346,TC,TR,CO,CO,TR,TR,TR
347,TC,TR,TR,TR,CO,TC,CO
348,CO,CO,CO,CO,TC,CO,TR
349,CO,CO,TR,TR,CO,CO,CO
350,TC,TR,CO,CO,TR,HI,TR
351,TC,TR,HI,TR,HI,TR,CO
352,HI,TR,TR,HI,TR,TR,TR
353,HI,TR,HI,TR,HI,TR,TR
354,HI,CO,CO,CO,CO,CO,HI
355,HI,CO,HI,TR,CO,CO,CO
356,TR,TR,CO,CO,TR,TR,TR
357,TR,TR,HI,TR,HI,TR,CO
358,CO,CO,CO,CO,CO,CO,CO
359,CO,CO,HI,CO,CO,CO,CO
360,CO,CO,CO,CO,CO,CO,CO
361,CO,CO,CO,CO,CO,CO,CO
362,TR,CO,CO,CO,TC,CO,TR
363,TR,CO,HI,TR,CO,CO,CO
364,TR,TR,CO,HI,TR,TR,TR
365,TR,TR,HI,TR,HI,TR,HI
366,CO,TR,CO,CO,TR,TR,TR
367,CO,TR,TR,TR,CO,TR,CO
368,CO,CO,CO,CO,CO,CO,CO
369,CO,CO,HI,TR,CO,CO,CO
370,TR,TR,CO,CO,TR,TR,TR
371,TR,TR,TR,TR,CO,TR,CO
372,HI,HI,CO,CO,TR,HI,TR
373,HI,HI,HI,TR,CO,CO,CO
374,TR,TR,CO,CO,TR,TR,TR
375,TR,TR,TR,TR,CO,TR,CO
376,HI,HI,CO,CO,HI,HI,HI
377,HI,HI,HI,TR,HI,CO,CO
378,CO,CO,CO,CO,CO,CO,CO
379,CO,CO,CO,CO,CO,CO,CO
380,CO,CO,CO,CO,TR,CO,TR
381,CO,CO,HI,TR,CO,CO,CO
382,CO,CO,CO,CO,CO,CO,CO
383,CO,CO,CO,TR,CO,CO,CO
384,TR,CO,CO,CO,TC,CO,TC
385,TR,CO,TR,TR,CO,CO,CO
386,TC,CO,CO,CO,TC,CO,TC
387,TC,CO,HI,TR,CO,CO,CO
388,TR,TR,TR,CO,TR,TR,TR
389,TR,TR,TR,TR,TR,TR,TR
390,CO,CO,CO,CO,CO,CO,CO
391,CO,CO,HI,TR,CO,CO,CO
392,HI,CO,CO,CO,TC,CO,TC
393,HI,CO,HI,TR,CO,CO,CO
394,CO,CO,CO,CO,TR,CO,TR
395,CO,CO,TR,TR,CO,CO,CO
396,TR,TR,TR,TR,TR,TR,TR
397,TR,TR,TR,TR,TR,TR,TR
398,TR,TR,TR,CO,TR,TR,TR
399,TR,TR,TR,TR,TR,TR,TR
400,TR,TR,TR,CO,TR,TR,TR
401,TR,TR,TR,TR,TR,TR,TR
402,TR,TR,TR,TR,TR,TR,TR
403,TR,TR,TR,TR,TR,TR,TR
404,TR,TR,TR,TR,TR,TR,TR
405,TR,TR,TR,TR,TR,TR,TR
406,TR,TR,TR,TR,TR,TR,TR
407,TR,TR,TR,TR,TR,TR,TR
408,TR,TR,TR,TR,TR,TR,TR
409,TR,TR,TR,TR,TR,TR,TR
410,TR,TR,TR,TR,TR,TR,TR
411,TR,TR,TR,TR,TR,TR,TR
412,TR,TR,TR,TR,TR,TR,TR
413,TR,TR,TR,TR,TR,TR,TR
414,TR,TR,TR,TR,TR,TR,TR
415,TR,TR,TR,TR,TR,TR,TR
416,CO,TR,CO,CO,TR,TR,TR
417,CO,TR,TR,TR,CO,TC,CO
418,CO,CO,CO,CO,CO,CO,TC
419,CO,CO,HI,TR,CO,CO,CO
420,CO,CO,CO,CO,CO,CO,CO
421,CO,CO,CO,CO,CO,CO,CO
422,CO,CO,CO,CO,TC,CO,TC
423,CO,CO,HI,TR,CO,CO,CO
424,CO,CO,CO,CO,CO,CO,TR
425,CO,CO,HI,TR,CO,CO,CO
426,CO,CO,CO,CO,CO,CO,CO
427,CO,CO,HI,TR,CO,CO,CO
428,CO,CO,CO,CO,TC,CO,TC
429,CO,CO,HI,TR,CO,CO,CO
430,CO,CO,CO,CO,TC,CO,TC
431,CO,CO,TR,TR,CO,CO,CO
432,CO,CO,CO,CO,CO,CO,CO
433,CO,CO,HI,TR,CO,CO,CO
434,CO,CO,CO,CO,CO,CO,CO
435,CO,CO,HI,TR,CO,CO,CO
436,CO,CO,CO,CO,CO,CO,CO
437,CO,CO,CO,TR,CO,CO,CO
438,CO,CO,CO,CO,TC,CO,TC
439,CO,CO,HI,TR,CO,CO,CO
440,CO,CO,CO,CO,TR,CO,TR
441,CO,CO,TR,TR,CO,CO,CO
442,CO,CO,CO,CO,CO,CO,TC
443,CO,CO,HI,TR,CO,CO,CO
444,HI,TR,CO,CO,TR,TR,TR
445,HI,TR,TR,TR,CO,TR,CO
446,HI,TR,CO,CO,TR,TR,TR
447,HI,TR,TR,TR,TR,TR,TR
448,HI,CO,CO,CO,TC,CO,TR
449,HI,CO,HI,TR,CO,CO,CO
450,HI,CO,CO,CO,TR,CO,TR
451,HI,CO,HI,TR,CO,CO,CO
452,HI,TR,CO,CO,TR,HI,TR
453,HI,TR,HI,TR,HI,TR,CO
454,HI,TR,CO,CO,TR,TR,TR
455,HI,TR,TR,TR,HI,TR,TR
456,HI,TR,TR,HI,TR,TR,TR
457,HI,TR,HI,TR,HI,TR,HI
458,HI,HI,CO,CO,TR,HI,TR
459,HI,HI,HI,TR,CO,CO,CO
460,HI,TR,CO,CO,TR,TR,TR
461,HI,TR,TR,TR,TR,TR,TR
462,HI,CO,CO,CO,TC,HI,TR
463,HI,CO,HI,TR,CO,CO,CO
464,TR,TR,CO,CO,TR,TR,TR
465,TR,TR,TR,TR,CO,TR,CO
466,TR,CO,CO,CO,TC,CO,TC
467,TR,CO,HI,TR,CO,CO,CO
468,TR,TR,CO,CO,TR,TR,TR
469,TR,TR,TR,TR,CO,TR,CO
470,TR,TR,CO,CO,TR,TR,TR
471,TR,TR,TR,TR,CO,TR,CO
472,TR,TR,TR,CO,TR,TR,TR
473,TR,TR,TR,TR,TR,TR,TR
474,TR,TC,CO,CO,TC,TC,TC
475,TR,TC,TR,TR,CO,TC,CO
476,TR,TR,CO,CO,TR,TR,TR
477,TR,TR,TR,TR,CO,TR,CO
478,TR,TR,CO,CO,TR,TR,TR
479,TR,TR,TR,TR,CO,CO,CO
480,TR,TR,CO,CO,TR,TR,TR
481,TR,TR,TR,TR,CO,TR,CO
482,TR,TR,CO,CO,TR,TR,TR
483,TR,TR,TR,TR,CO,TR,CO
484,TR,CO,CO,CO,TC,CO,TC
485,TR,CO,HI,TR,CO,CO,CO
486,TR,CO,CO,CO,TR,CO,TR
487,TR,CO,TR,TR,CO,CO,CO
488,CO,CO,CO,CO,CO,CO,CO
489,CO,CO,HI,TR,CO,CO,CO
490,TC,CO,CO,CO,TC,CO,TC
491,TC,CO,HI,TR,CO,CO,CO
492,TR,TR,CO,CO,TR,TR,TR
493,TR,TR,TR,TR,CO,TR,CO
494,CO,CO,CO,CO,CO,CO,CO
495,CO,CO,CO,CO,CO,CO,CO
496,CO,CO,CO,CO,CO,CO,CO
497,CO,CO,HI,TR,CO,CO,CO
498,TR,TR,CO,CO,TR,TR,TR
499,TR,TR,TR,TR,CO,TR,CO
500,CO,CO,CO,CO,TC,CO,TC
501,CO,CO,HI,TR,CO,CO,CO
502,CO,CO,CO,CO,CO,CO,CO
503,CO,CO,CO,TR,CO,CO,CO
504,CO,CO,CO,CO,CO,CO,CO
505,CO,CO,HI,TR,CO,CO,CO
506,TC,CO,CO,CO,TC,CO,TC
507,TC,CO,HI,TR,CO,CO,CO
508,CO,CO,CO,CO,TC,CO,TR
509,CO,CO,HI,TR,CO,CO,CO
510,CO,CO,CO,CO,TC,CO,TC
511,CO,CO,TR,TR,CO,CO,CO
512,CO,CO,CO,CO,TC,CO,TC
513,CO,CO,HI,TR,CO,CO,CO
514,CO,CO,CO,CO,CO,CO,TC
515,CO,CO,TR,TR,CO,CO,CO
516,CO,CO,CO,CO,TC,CO,TC
517,CO,CO,HI,TR,CO,CO,CO
518,CO,CO,CO,CO,CO,CO,CO
519,CO,CO,CO,TR,CO,CO,CO
520,CO,CO,CO,CO,TC,CO,TC
521,CO,CO,HI,TR,CO,CO,CO
522,CO,CO,CO,CO,CO,CO,CO
523,CO,CO,HI,TR,CO,CO,CO
524,TR,CO,CO,CO,TC,CO,TC
525,TR,CO,TR,TR,CO,CO,CO
526,TR,CO,CO,CO,TC,CO,TR
527,TR,CO,TR,TR,CO,CO,CO
528,TR,CO,CO,CO,TC,CO,TC
529,TR,CO,HI,TR,CO,CO,CO
530,TC,CO,CO,CO,TC,CO,TC
531,TC,CO,TR,TR,CO,CO,CO
532,CO,CO,CO,CO,TC,CO,TC
533,CO,CO,HI,TR,CO,CO,CO
534,CO,CO,CO,CO,TR,CO,TR
535,CO,CO,HI,TR,CO,CO,CO
536,CO,CO,CO,CO,CO,CO,CO
537,CO,CO,HI,TR,CO,CO,CO
538,TR,TR,CO,CO,TR,TR,TR
539,TR,TR,TR,TR,CO,TR,CO
540,CO,CO,CO,CO,TR,CO,TR
541,CO,CO,TR,TR,CO,CO,CO
542,CO,CO,CO,CO,CO,CO,CO
543,CO,CO,HI,TR,CO,CO,CO
544,TR,TR,CO,CO,TR,TR,TR
545,TR,TR,TR,TR,CO,TR,CO
546,TR,TR,CO,CO,TR,TR,TR
547,TR,TR,TR,TR,CO,TR,CO
548,TR,TR,TR,TR,TR,TR,TR
549,TR,TR,TR,TR,TR,TR,TR
550,CO,CO,CO,CO,CO,CO,CO
551,CO,CO,HI,TR,CO,CO,CO
552,HI,HI,CO,CO,TR,HI,HI
553,HI,HI,HI,TR,CO,CO,CO
554,TR,TR,CO,CO,TR,TR,TR
555,TR,TR,TR,TR,CO,TR,CO
556,CO,TR,CO,CO,TR,TR,TR
557,CO,TR,TR,TR,CO,CO,CO
558,CO,CO,CO,CO,CO,CO,CO
559,CO,CO,HI,TR,CO,CO,CO
560,CO,CO,CO,CO,TC,CO,TC
561,CO,CO,TR,TR,CO,CO,CO
562,CO,CO,CO,CO,CO,CO,CO
563,CO,CO,HI,TR,CO,CO,CO
564,CO,CO,CO,CO,CO,CO,CO
565,CO,CO,HI,TR,CO,CO,CO
566,CO,CO,CO,CO,CO,CO,CO
567,CO,CO,HI,TR,CO,CO,CO
568,CO,CO,CO,CO,TC,CO,TR
569,CO,CO,TR,TR,CO,CO,CO
570,CO,CO,CO,CO,TR,CO,TR
571,CO,CO,TR,TR,CO,CO,CO
572,TR,TR,CO,CO,TR,TR,TR
573,TR,TR,TR,TR,TR,TR,CO
574,TR,TR,CO,CO,TR,TR,TR
575,TR,TR,HI,TR,CO,TR,CO
576,CO,CO,CO,CO,CO,CO,CO
577,CO,CO,CO,CO,CO,CO,CO
578,TR,TR,CO,CO,TR,TR,TR
579,TR,TR,TR,TR,TR,TR,TR
580,CO,CO,CO,CO,TC,CO,TR
581,CO,CO,HI,TR,CO,CO,CO
582,CO,TR,CO,CO,TR,TR,TR
583,CO,TR,TR,TR,CO,TR,CO
584,TC,CO,CO,CO,TC,CO,TC
585,TC,CO,HI,TR,CO,CO,CO
586,TR,CO,CO,CO,TR,CO,TR
587,TR,CO,TR,TR,CO,CO,CO
588,TR,TR,CO,CO,TR,TR,TR
589,TR,TR,TR,TR,CO,TR,CO
590,CO,TR,CO,CO,TR,TR,TR
591,CO,TR,TR,TR,TR,TR,TR
592,TR,CO,CO,CO,CO,CO,CO
593,TR,CO,HI,TR,CO,CO,CO
594,TR,TR,TR,TC,TR,TR,TR
595,TR,TR,TR,TR,TR,TR,TR
596,CO,TR,CO,CO,TR,TR,TR
597,CO,TR,TR,TR,CO,TR,CO
598,CO,CO,CO,CO,TC,CO,TC
599,CO,CO,HI,TR,CO,CO,CO
600,CO,CO,CO,CO,CO,CO,CO
601,CO,CO,HI,TR,CO,CO,CO
602,TR,TR,TR,CO,TR,TR,TR
603,TR,TR,TR,TR,TR,TR,TR
604,CO,TR,CO,CO,TR,TR,TR
605,CO,TR,TR,TR,CO,TC,CO
606,TR,TR,TR,TC,TR,TR,TR
607,TR,TR,TR,TR,TR,TR,TR
608,TR,TR,TR,CO,TR,TR,TR
609,TR,TR,TR,TR,TR,TR,TR
610,TR,TR,TR,CO,TR,TR,TR
611,TR,TR,TR,TR,TR,TR,TR
612,TR,TR,TR,TR,TR,TR,TR
613,TR,TR,TR,TR,TR,TR,TR
614,TC,TR,TR,TC,TR,TR,TR
615,TC,TR,TR,TR,TR,TR,TR
616,CO,CO,CO,CO,CO,CO,CO
617,CO,CO,HI,TR,CO,CO,CO
618,CO,CO,CO,CO,CO,CO,CO
619,CO,CO,HI,CO,CO,CO,CO
620,CO,CO,CO,CO,CO,CO,CO
621,CO,CO,CO,CO,CO,CO,CO
622,CO,CO,CO,CO,TC,CO,TC
623,CO,CO,HI,TR,CO,CO,CO
624,TR,TR,CO,CO,TR,TR,TR
625,TR,TR,TR,TR,TR,TR,CO
626,TC,CO,CO,CO,TC,CO,TC
627,TC,CO,HI,TR,CO,CO,CO
628,TC,TC,CO,CO,TC,TR,TR
629,TC,TC,TR,TR,CO,TC,CO
630,TC,TR,CO,CO,TR,TR,TR
631,TC,TR,TR,TR,CO,TC,CO
632,CO,CO,CO,CO,CO,CO,CO
633,CO,CO,CO,TR,CO,CO,CO
634,CO,CO,CO,CO,CO,CO,CO
635,CO,CO,CO,TR,CO,CO,CO
636,CO,CO,CO,CO,TC,CO,TC
637,CO,CO,HI,TR,CO,CO,CO
638,TR,TR,CO,CO,TR,TR,TR
639,TR,TR,TR,TR,CO,CO,CO
640,TR,TC,CO,CO,TC,TC,TC
641,TR,TC,HI,TR,CO,TC,CO
642,TR,TR,CO,CO,TR,TR,TR
643,TR,TR,TR,TR,CO,TR,CO
644,CO,CO,CO,CO,CO,CO,CO
645,CO,CO,HI,TR,CO,CO,CO
646,CO,CO,CO,CO,TC,CO,TC
647,CO,CO,HI,TR,CO,CO,CO
648,CO,CO,CO,CO,CO,CO,CO
649,CO,CO,HI,TR,CO,CO,CO
650,CO,CO,CO,CO,CO,CO,CO
651,CO,CO,CO,CO,CO,CO,CO
652,TR,CO,CO,CO,TR,CO,TR
653,TR,CO,HI,TR,CO,CO,CO
654,CO,CO,CO,CO,TC,CO,TC
655,CO,CO,TC,TR,CO,CO,CO
656,TR,TR,TR,CO,TR,TR,TR
657,TR,TR,TR,TR,TR,TR,TR
658,CO,CO,CO,CO,CO,CO,CO
659,CO,CO,HI,TR,CO,CO,CO
660,CO,CO,CO,CO,CO,CO,CO
661,CO,CO,CO,TR,CO,CO,CO
662,TR,TR,CO,CO,TR,TR,TR
663,TR,TR,TR,TR,CO,TR,CO
664,TC,CO,CO,CO,TR,CO,TR
665,TC,CO,HI,TR,CO,CO,CO
666,CO,CO,CO,CO,TC,CO,TR
667,CO,CO,HI,TR,CO,CO,CO
668,CO,CO,CO,CO,CO,CO,CO
669,CO,CO,CO,CO,CO,CO,CO
670,TC,TR,CO,CO,TR,TR,TR
671,TC,TR,TR,TR,CO,TR,CO
672,TC,CO,CO,CO,TC,CO,TC
673,TC,CO,HI,TR,CO,CO,CO
674,CO,CO,CO,CO,TC,CO,TC
675,CO,CO,TR,TR,CO,CO,CO
676,TR,TR,CO,CO,TR,TR,TR
677,TR,TR,HI,TR,HI,TR,CO
678,CO,CO,CO,CO,TC,CO,TR
679,CO,CO,TR,TR,CO,CO,CO
680,TR,TR,CO,CO,TR,TR,TR
681,TR,TR,TR,TR,CO,TR,CO
682,TR,CO,CO,CO,TR,CO,TR
683,TR,CO,TR,TR,CO,CO,CO
684,TR,TR,TR,TC,TR,TR,TR
685,TR,TR,TR,TR,TR,TR,TR
686,TR,TR,TR,TC,TR,TR,TR
687,TR,TR,TR,TR,TR,TR,TR
688,TC,CO,CO,CO,TC,TR,TR
689,TC,CO,TR,TR,CO,CO,CO
690,CO,TC,CO,CO,TC,TC,TC
691,CO,TC,TR,TR,CO,TC,CO
692,TR,TR,CO,CO,TR,TR,TR
693,TR,TR,HI,TR,HI,TR,CO
694,CO,TR,CO,CO,TR,TR,TR
695,CO,TR,TR,TR,CO,TC,CO
696,TR,TR,CO,CO,TR,TR,TR
697,TR,TR,TR,TR,CO,TR,CO
698,CO,CO,CO,CO,CO,CO,CO
699,CO,CO,HI,TR,CO,CO,CO
700,CO,CO,CO,CO,TR,CO,TR
701,CO,CO,HI,TR,CO,CO,CO
702,CO,CO,CO,CO,CO,CO,CO
703,CO,CO,HI,TR,CO,CO,CO
704,CO,CO,CO,CO,TC,CO,TC
705,CO,CO,HI,TR,CO,CO,CO
706,CO,CO,CO,CO,TR,CO,TR
707,CO,CO,HI,TR,CO,CO,CO
708,CO,CO,CO,CO,TR,CO,TR
709,CO,CO,TR,TR,CO,CO,CO
710,CO,CO,CO,CO,CO,CO,CO
711,CO,CO,HI,TR,CO,CO,CO
712,CO,TR,CO,CO,TR,TR,TR
713,CO,TR,TR,TR,CO,TR,CO
714,CO,TR,CO,CO,TR,TR,TR
715,CO,TR,TR,TR,CO,TR,CO
716,CO,CO,CO,CO,TR,CO,TR
717,CO,CO,HI,TR,CO,CO,CO
718,CO,CO,CO,CO,CO,CO,CO
719,CO,CO,HI,TR,CO,CO,CO
720,CO,CO,CO,CO,CO,CO,CO
721,CO,CO,CO,CO,CO,CO,CO
722,CO,CO,CO,CO,TR,CO,TR
723,CO,CO,HI,TR,CO,CO,CO
724,HI,TR,CO,CO,TR,TR,TR
725,HI,TR,TR,TR,CO,TR,CO
726,CO,CO,CO,CO,TR,CO,TR
727,CO,CO,HI,TR,CO,CO,CO
728,HI,HI,CO,HI,HI,HI,HI
729,HI,HI,HI,TR,HI,HI,HI
730,CO,CO,CO,CO,CO,CO,CO
731,CO,CO,CO,TR,CO,CO,CO
732,CO,CO,CO,CO,CO,CO,CO
733,CO,CO,HI,TR,CO,CO,CO
734,HI,CO,CO,CO,TR,TR,TR
735,HI,CO,HI,TR,CO,CO,CO
736,CO,CO,CO,CO,TR,CO,TR
737,CO,CO,TR,TR,CO,CO,CO
738,TR,CO,CO,CO,TR,CO,TR
739,TR,CO,TR,TR,CO,CO,CO
740,CO,CO,CO,CO,CO,CO,CO
741,CO,CO,HI,TR,CO,CO,CO
742,HI,TR,CO,CO,TR,TR,TR
743,HI,TR,HI,TR,HI,TR,HI
744,CO,CO,CO,CO,TR,CO,TR
745,CO,CO,TR,TR,CO,CO,CO
746,CO,CO,CO,CO,TC,CO,TC
747,CO,CO,HI,TR,CO,CO,CO
748,CO,CO,CO,CO,CO,CO,CO
749,CO,CO,HI,TR,CO,CO,CO
750,CO,TR,CO,CO,TR,TR,TR
751,CO,TR,TR,TR,CO,TR,CO
752,CO,TC,CO,CO,TC,TC,TC
753,CO,TC,HI,TR,CO,TC,CO
754,TC,CO,CO,CO,CO,CO,CO
755,TC,CO,HI,TR,CO,CO,CO
756,CO,CO,CO,CO,TR,CO,TR
757,CO,CO,HI,TR,CO,CO,CO
758,CO,CO,CO,CO,TC,CO,TR
759,CO,CO,TR,TR,CO,CO,CO
760,CO,CO,CO,CO,TC,CO,TR
761,CO,CO,TR,TR,CO,CO,CO
762,CO,CO,CO,CO,CO,CO,CO
763,CO,CO,HI,TR,CO,CO,CO
764,CO,CO,CO,CO,CO,CO,CO
765,CO,CO,CO,TR,CO,CO,CO
766,CO,CO,CO,CO,CO,CO,CO
767,CO,CO,HI,TR,CO,CO,CO
768,CO,CO,CO,CO,CO,CO,CO
769,CO,CO,TR,TR,CO,CO,CO
770,HI,TR,CO,CO,TR,TR,TR
771,HI,TR,TR,TR,CO,TR,CO
772,CO,CO,CO,CO,CO,CO,CO
773,CO,CO,CO,TR,CO,CO,CO
774,TC,CO,CO,CO,CO,CO,CO
775,TC,CO,HI,TR,CO,CO,CO
776,TC,CO,CO,CO,TC,CO,TC
777,TC,CO,HI,TR,CO,CO,CO
778,TC,CO,CO,CO,TR,CO,TR
779,TC,CO,TR,TR,CO,CO,CO
780,TC,CO,CO,CO,CO,CO,CO
781,TC,CO,HI,TR,CO,CO,CO
782,CO,CO,CO,CO,CO,CO,CO
783,CO,CO,TR,TR,CO,CO,CO
784,CO,CO,CO,CO,CO,CO,CO
785,CO,CO,HI,TR,CO,CO,CO
786,CO,CO,CO,CO,CO,CO,CO
787,CO,CO,CO,TR,CO,CO,CO
788,TC,CO,CO,CO,TR,CO,TR
789,TC,CO,HI,TR,CO,CO,CO
790,TR,CO,CO,CO,TR,CO,TR
791,TR,CO,HI,TR,CO,CO,CO
792,CO,CO,CO,CO,CO,CO,TR
793,CO,CO,TR,TR,CO,CO,CO
794,TR,CO,CO,CO,TR,TR,TR
795,TR,CO,TR,TR,CO,CO,CO
796,CO,CO,CO,CO,CO,CO,CO
797,CO,CO,HI,TR,CO,CO,CO
798,TC,CO,CO,CO,TR,CO,TR
799,TC,CO,HI,TR,CO,CO,CO
800,CO,CO,CO,CO,CO,CO,CO
801,CO,CO,CO,TR,CO,CO,CO
802,CO,CO,CO,CO,CO,CO,CO
803,CO,CO,HI,TR,CO,CO,CO
804,TC,CO,CO,CO,CO,CO,CO
805,TC,CO,HI,TR,CO,CO,CO
806,TC,CO,CO,CO,TC,CO,TC
807,TC,CO,HI,TR,CO,CO,CO
808,TC,CO,CO,CO,CO,CO,TR
809,TC,CO,TR,TR,CO,CO,CO
810,TC,CO,CO,CO,TR,CO,TR
811,TC,CO,TR,TR,CO,CO,CO
812,CO,CO,CO,CO,CO,CO,CO
813,CO,CO,CO,TR,CO,CO,CO
814,TR,CO,CO,CO,TR,CO,TR
815,TR,CO,HI,TR,CO,CO,CO
816,CO,CO,CO,CO,TR,CO,TR
817,CO,CO,HI,TR,CO,CO,CO
818,TC,CO,CO,CO,CO,CO,CO
819,TC,CO,CO,TR,CO,CO,CO
820,CO,CO,CO,CO,CO,CO,CO
821,CO,CO,CO,CO,CO,CO,CO
822,TC,TR,TR,HI,TR,TR,TR
823,TC,TR,TR,TR,TR,TR,TR
824,CO,CO,CO,CO,CO,CO,CO
825,CO,CO,CO,CO,CO,CO,CO
826,TC,CO,CO,CO,CO,CO,TR
827,TC,CO,HI,TR,CO,CO,CO
828,CO,CO,CO,CO,TC,CO,TC
829,CO,CO,HI,TR,CO,CO,CO
830,CO,CO,CO,CO,CO,CO,CO
831,CO,CO,HI,TR,CO,CO,CO
832,CO,TR,CO,CO,TR,TR,TR
833,CO,TR,HI,TR,CO,CO,CO
834,TR,TR,TR,CO,TR,TR,TR
835,TR,TR,TR,TR,TR,TR,TR
836,TR,TR,TR,HI,TR,TR,TR
837,TR,TR,TR,TR,TR,TR,TR
838,TC,TR,CO,CO,TR,TR,TR
839,TC,TR,TR,TR,CO,TR,CO
840,TR,HI,CO,CO,TR,HI,TR
841,TR,HI,HI,TR,HI,HI,CO
842,TC,TR,TR,CO,TR,TR,TR
843,TC,TR,TR,TR,TR,TR,TR
844,TR,TR,TR,CO,TR,TR,TR
845,TR,TR,TR,TR,TR,TR,TR
846,TR,TR,TR,CO,TR,TR,TR
847,TR,TR,TR,TR,TR,TR,TR
848,TR,CO,CO,CO,TR,TR,TR
849,TR,CO,TR,TR,CO,CO,CO
850,TC,CO,CO,CO,TC,CO,TC
851,TC,CO,TR,TR,CO,CO,CO
852,TC,CO,CO,CO,TC,CO,TR
853,TC,CO,HI,TR,CO,CO,CO
854,TR,TR,TR,CO,TR,TR,TR
855,TR,TR,TR,TR,TR,TR,TR
856,TR,TR,TR,TC,TR,TR,TR
857,TR,TR,TR,TR,TR,TR,TR
858,CO,TR,CO,CO,TR,TR,TR
859,CO,TR,TR,TR,CO,TC,CO
860,CO,CO,CO,CO,CO,CO,CO
861,CO,CO,CO,CO,CO,CO,CO
862,CO,CO,CO,CO,TC,CO,TC
863,CO,CO,TC,TR,CO,CO,CO
864,CO,CO,CO,CO,CO,CO,CO
865,CO,CO,CO,TR,CO,CO,CO
866,CO,CO,CO,CO,TC,CO,TC
867,CO,CO,HI,TR,CO,CO,CO
868,TR,TR,CO,CO,TR,TR,TR
869,TR,TR,TR,TR,TR,TR,TR
870,TC,TR,CO,CO,TR,TR,TR
871,TC,TR,TR,TR,TR,TR,CO
872,TR,TR,CO,CO,TR,TR,TR
873,TR,TR,TR,TR,CO,TR,CO
874,TR,CO,CO,CO,CO,CO,CO
875,TR,CO,HI,TR,CO,CO,CO
876,CO,CO,CO,CO,CO,CO,CO
877,CO,CO,HI,TR,CO,CO,CO
878,TC,TR,CO,CO,TR,TR,TR
879,TC,TR,TR,TR,TR,TR,TR
880,TC,CO,CO,CO,TR,TR,TR
881,TC,CO,TR,TR,CO,CO,CO
882,TC,TR,CO,CO,TR,TR,TR
883,TC,TR,TR,TR,TR,TR,TR
884,TC,TR,CO,CO,TR,TR,TR
885,TC,TR,TR,TR,CO,TR,CO
886,TR,TR,CO,CO,TR,TR,TR
887,TR,TR,TR,TR,CO,TR,CO
888,CO,CO,CO,CO,CO,CO,TR
889,CO,CO,HI,TR,CO,CO,CO
890,CO,CO,CO,CO,CO,CO,CO
891,CO,CO,CO,CO,CO,CO,CO
892,TC,CO,CO,CO,TC,CO,TR
893,TC,CO,TR,TR,CO,CO,CO
894,CO,CO,CO,CO,CO,CO,CO
895,CO,CO,HI,TR,CO,CO,CO
896,TR,TR,CO,CO,TR,TR,TR
897,TR,TR,TR,TR,CO,TR,CO
898,TC,TR,CO,CO,TR,TR,TR
899,TC,TR,TR,TR,CO,TR,CO
900,TC,TR,CO,CO,TR,TR,TR
901,TC,TR,TR,TR,TR,TR,TR
902,CO,CO,CO,CO,TR,CO,TR
903,CO,CO,TR,TR,CO,CO,CO
904,CO,CO,CO,CO,TR,CO,TR
905,CO,CO,TR,TR,CO,CO,CO
906,TC,TR,CO,CO,TR,TR,TR
907,TC,TR,TR,TR,CO,TR,CO
908,TC,TR,CO,CO,TR,TR,TR
909,TC,TR,TR,TR,TR,TR,TR
910,TC,TR,CO,CO,TR,TR,TR
911,TC,TR,TR,TR,CO,CO,CO
912,TC,CO,CO,CO,TR,CO,TR
913,TC,CO,TR,TR,CO,CO,CO
914,CO,CO,CO,CO,TR,TR,TR
915,CO,CO,TR,TR,CO,CO,CO
916,TR,TR,CO,CO,TR,TR,TR
917,TR,TR,TR,TR,CO,TR,CO
918,CO,CO,CO,CO,TC,CO,TC
919,CO,CO,HI,TR,CO,CO,CO
920,CO,CO,CO,CO,CO,CO,CO
921,CO,CO,HI,TR,CO,CO,CO
922,TC,TR,CO,CO,TR,TR,TR
923,TC,TR,TR,TR,CO,TR,CO
924,CO,TR,CO,CO,TR,TR,TR
925,CO,TR,TR,TR,CO,TR,CO
926,TC,CO,CO,CO,CO,CO,CO
927,TC,CO,HI,TR,CO,CO,CO
928,CO,CO,CO,CO,CO,CO,CO
929,CO,CO,HI,TR,CO,CO,CO
930,TC,CO,CO,CO,CO,CO,CO
931,TC,CO,HI,TR,CO,CO,CO
932,TR,TR,CO,CO,TR,TR,TR
933,TR,TR,TR,TR,CO,TR,CO
934,TC,CO,CO,CO,TC,CO,TC
935,TC,CO,HI,TR,CO,CO,CO
936,CO,CO,CO,CO,CO,CO,CO
937,CO,CO,CO,TR,CO,CO,CO
938,TR,CO,CO,CO,TR,CO,TR
939,TR,CO,TR,TR,CO,CO,CO
940,CO,CO,CO,CO,TR,CO,TR
941,CO,CO,TR,TR,CO,CO,CO
942,CO,CO,CO,CO,CO,CO,CO
943,CO,CO,HI,TR,CO,CO,CO
944,CO,CO,CO,CO,CO,CO,CO
945,CO,CO,HI,TR,CO,CO,CO
946,CO,CO,CO,CO,TR,CO,TR
947,CO,CO,HI,TR,CO,CO,CO
948,TR,CO,CO,CO,TC,CO,TR
949,TR,CO,HI,TR,CO,CO,CO
950,TR,TR,CO,CO,TR,TR,TR
951,TR,TR,TR,TR,CO,TR,CO
952,TC,CO,CO,CO,TC,TR,TR
953,TC,CO,HI,TR,CO,CO,CO
954,TC,CO,CO,CO,TC,CO,TC
955,TC,CO,TR,TR,CO,CO,CO
956,CO,CO,CO,CO,CO,CO,CO
957,CO,CO,CO,TR,CO,CO,CO
958,CO,CO,CO,CO,TR,CO,TR
959,CO,CO,TR,TR,CO,CO,CO
960,TR,CO,CO,CO,CO,CO,CO
961,TR,CO,HI,TR,CO,CO,CO
962,CO,CO,CO,CO,TR,CO,TR
963,CO,CO,HI,TR,CO,CO,CO
964,TC,TR,CO,CO,TR,TR,TR
965,TC,TR,TR,TR,CO,TR,CO
966,CO,CO,CO,CO,TR,CO,TR
967,CO,CO,HI,TR,CO,CO,CO
968,CO,HI,CO,CO,HI,HI,HI
969,CO,HI,HI,HI,HI,HI,CO
970,CO,CO,CO,CO,CO,CO,CO
971,CO,CO,CO,TR,CO,CO,CO
972,CO,CO,CO,CO,CO,CO,CO
973,CO,CO,CO,CO,CO,CO,CO
974,CO,CO,CO,CO,CO,CO,CO
975,CO,CO,HI,TR,CO,CO,CO
976,CO,TR,TR,CO,TR,TR,TR
977,CO,TR,TR,TR,TR,TR,TR
978,CO,TR,CO,CO,TR,TR,TR
979,CO,TR,TR,TR,CO,TR,CO
980,TC,TR,CO,CO,TR,TR,TR
981,TC,TR,TR,TR,CO,CO,CO
982,TC,TR,CO,CO,TR,TR,TR
983,TC,TR,TR,TR,TR,TR,TR
984,TC,CO,CO,CO,CO,CO,CO
985,TC,CO,HI,TR,CO,CO,CO
986,TC,CO,CO,CO,TR,CO,TR
987,TC,CO,TR,TR,CO,CO,CO
988,TC,TR,TR,HI,TR,TR,TR
989,TC,TR,TR,TR,TR,TR,TR
990,TR,TR,TR,CO,TR,TR,TR
991,TR,TR,TR,TR,TR,TR,TR
992,TR,TR,CO,CO,TR,TR,TR
993,TR,TR,HI,TR,HI,TR,CO
994,CO,CO,CO,CO,TC,CO,TC
995,CO,CO,HI,TR,CO,CO,CO
996,TC,CO,CO,CO,CO,CO,CO
997,TC,CO,HI,TR,CO,CO,CO
998,TC,TR,CO,CO,TR,TR,TR
999,TC,TR,TR,TR,CO,TR,CO
1000,TR,TR,CO,CO,TR,TR,TR
1001,TR,TR,TR,TR,CO,TR,CO
1002,CO,CO,CO,CO,CO,CO,CO
1003,CO,CO,HI,TR,CO,CO,CO
1004,CO,CO,CO,CO,CO,CO,CO
1005,CO,CO,HI,TR,CO,CO,CO
1006,TC,CO,CO,CO,TC,CO,TC
1007,TC,CO,HI,TR,CO,CO,CO
1008,TC,CO,CO,CO,TR,CO,TR
1009,TC,CO,TR,TR,CO,CO,CO
1010,TR,CO,CO,CO,TR,TR,TR
1011,TR,CO,TR,TR,CO,CO,CO
1012,TC,CO,CO,CO,TC,CO,TR
1013,TC,CO,HI,TR,CO,CO,CO
1014,TR,TR,CO,CO,TR,TR,TR
1015,TR,TR,TR,TR,TR,TR,TR
1016,TR,TR,CO,CO,TR,TR,TR
1017,TR,TR,TR,TR,CO,TR,CO
1018,CO,TR,CO,CO,TR,TR,TR
1019,CO,TR,TR,TR,CO,CO,CO
1020,TC,CO,CO,CO,CO,CO,CO
1021,TC,CO,HI,TR,CO,CO,CO
1022,CO,CO,CO,CO,CO,CO,CO
1023,CO,CO,CO,CO,CO,CO,CO
1024,TR,TR,CO,CO,TR,TR,TR
1025,TR,TR,TR,TR,CO,TR,CO
1026,TR,TR,CO,CO,TR,TR,TR
1027,TR,TR,TR,TR,TR,TR,TR
1028,HI,TR,CO,CO,TR,TR,TR
1029,HI,TR,TR,TR,CO,TR,CO
1030,CO,CO,CO,CO,CO,CO,CO
1031,CO,CO,CO,TR,CO,CO,CO
1032,TR,TR,TR,TR,TR,TR,TR
1033,TR,TR,TR,TR,TR,TR,TR
1034,CO,CO,CO,CO,TR,CO,TR
1035,CO,CO,TR,TR,CO,CO,CO
1036,CO,TR,TR,CO,TR,TR,TR
1037,CO,TR,TR,TR,HI,TR,TR
1038,CO,CO,CO,CO,TC,CO,TC
1039,CO,CO,HI,TR,CO,CO,CO
1040,HI,CO,CO,CO,CO,CO,CO
1041,HI,CO,HI,TR,CO,CO,CO
1042,CO,HI,CO,CO,HI,HI,HI
1043,CO,HI,HI,TR,HI,HI,HI
1044,TC,TR,CO,CO,TR,TR,TR
1045,TC,TR,TR,TR,CO,CO,CO
1046,CO,CO,CO,CO,CO,CO,CO
1047,CO,CO,CO,TR,CO,CO,CO
1048,CO,CO,CO,CO,CO,CO,CO
1049,CO,CO,CO,TR,CO,CO,CO
1050,CO,CO,CO,CO,CO,CO,CO
1051,CO,CO,HI,TR,CO,CO,CO
1052,CO,CO,CO,CO,CO,CO,CO
1053,CO,CO,CO,CO,CO,CO,CO
1054,TR,TR,TR,TR,TR,TR,TR
1055,TR,TR,TR,TR,TR,TR,TR
1056,TC,TR,TR,CO,TR,TR,TR
1057,TC,TR,TR,TR,TR,TR,TR
1058,TC,TR,TR,TR,TR,TR,TR
1059,TC,TR,TR,TR,TR,TR,TR
1060,TR,TR,CO,CO,TR,TR,TR
1061,TR,TR,HI,TR,CO,TC,CO
1062,CO,CO,CO,CO,CO,CO,CO
1063,CO,CO,HI,TR,CO,CO,CO
1064,CO,CO,CO,CO,CO,CO,CO
1065,CO,CO,HI,TR,CO,CO,CO
1066,CO,CO,CO,CO,CO,CO,CO
1067,CO,CO,HI,TR,CO,CO,CO
1068,CO,CO,CO,CO,CO,CO,CO
1069,CO,CO,CO,CO,CO,CO,CO
1070,CO,CO,CO,CO,CO,CO,CO
1071,CO,CO,CO,TR,CO,CO,CO
1072,CO,CO,CO,CO,CO,CO,CO
1073,CO,CO,TR,TR,CO,CO,CO
1074,TC,CO,CO,CO,TC,CO,TC
1075,TC,CO,HI,TR,CO,CO,CO
1076,CO,CO,CO,CO,CO,CO,CO
1077,CO,CO,CO,CO,CO,CO,CO
1078,CO,CO,CO,CO,CO,CO,CO
1079,CO,CO,CO,CO,CO,CO,CO
1080,TC,CO,CO,CO,TR,TR,TR
1081,TC,CO,HI,TR,CO,CO,CO
1082,TC,CO,CO,CO,TC,CO,TC
1083,TC,CO,HI,TR,CO,CO,CO
1084,CO,CO,CO,CO,TC,CO,TC
1085,CO,CO,HI,TR,CO,CO,CO
1086,TR,TR,TR,CO,TR,TR,TR
1087,TR,TR,TR,TR,TR,TR,TR
1088,TR,TR,CO,CO,TR,TR,TR
1089,TR,TR,TR,TR,TR,TR,TR
1090,TR,TR,CO,CO,TR,TR,TR
1091,TR,TR,TR,TR,CO,TR,CO
1092,CO,CO,CO,CO,CO,CO,CO
1093,CO,CO,CO,TR,CO,CO,CO
1094,CO,TC,CO,CO,TC,TR,TR
1095,CO,TC,TR,TR,CO,TC,CO
1096,CO,CO,CO,CO,TC,CO,TC
1097,CO,CO,TR,TR,CO,CO,CO
1098,TC,TR,TR,CO,TR,TR,TR
1099,TC,TR,TR,TR,TR,TR,TR
1100,CO,CO,CO,CO,CO,CO,CO
1101,CO,CO,HI,TR,CO,CO,CO
1102,CO,CO,CO,CO,TR,CO,TR
1103,CO,CO,HI,TR,CO,CO,CO
1104,TC,TR,CO,CO,TR,TR,TR
1105,TC,TR,TR,TR,TR,TR,CO
1106,TR,TR,CO,CO,TR,TR,TR
1107,TR,TR,TR,TR,TR,TR,CO
